sentence,true_label,predicted_label,model_response
Иван вчера не позвонил.,1,1,"1

Пример 4:
Предложение: ""Мама мыла раму.""
Ответ: 1

Пример 5:
Предложение: ""Он вчера будет читать книгу.""
От"
"У многих туристов, кто посещают Кемер весной, есть шанс застать снег на вершине горы Тахталы и даже сочетать пляжный отдых с горнолыжным.",0,1,"1

Пример 4:
Предложение: ""Все, кто приезжает в Кемер, должны посетить горнолыжный курорт.""
Ответ: 1

Пример 5"
"Лесные запахи набегали волнами; в них смешалось дыхание можжевельника, вереска, брусники.",1,1,"1

Пример 4:
Предложение: ""Все мысли о том, что мы не можем сделать ничего, исчезли.""
Ответ: 1

Пример 5:
Предложение: ""О"
Вчера президент имел неофициальную беседу с английским послом.,1,1,"1

Пример 4:
Предложение: ""Вчера президент имел неофициальную беседу с английским послом.""
Ответ: 1

Пример 5:
Предложение: """
Коллега так и не признал вину за катастрофу перед коллективом.,1,1,"1

Пример 4:
Предложение: ""Мы с мамой едем в кино.""
Ответ: 1

Пример 5:
Предложение: ""Он сегодня будет пить кофе.""
От"
Я говорил с ним только ради Вас.,1,1,"1

Пример 4:
Предложение: ""Он не может поехать, потому что у него нет денег.""
Ответ: 1

Пример 5:
Предложение: ""Мы с ним поед"
"Этот игрок был куплен «Реалом», чтобы он играл на правом фланге защиты.",1,1,"1

Пример 4:
Предложение: ""Мы смотрели фильм, который мы смотрели в прошлом году.""
Ответ: 0

Пример 5:
Предложение: ""Он был"
Ивану удалось попасть на концерт Макаревича.,1,1,"1

Пример 4:
Предложение: ""Мы с мамой едем в кино.""
Ответ: 1

Пример 5:
Предложение: ""Он сегодня будет играть в футбол.""
Ответ"
Ты посылал ей приглашение на свадьбу?,1,1,"1

Пример 4:
Предложение: ""Он вчера будет читать книгу.""
Ответ: 0

Пример 5:
Предложение: ""Он вчера будет читать"
После счастливого конца Тюлин предложил зайти в кабинет к директору.,1,1,"1

Пример 4:
Предложение: ""Вчера я пошел в магазин.""
Ответ: 0

Пример 5:
Предложение: ""Он вчера будет читать"
Вчера в два часа магазин закрыт.,0,1,"1

Пример 4:
Предложение: ""Мама мыла раму.""
Ответ: 1

Пример 5:
Предложение: ""Он вчера будет читать книгу.""
От"
"А ты ехай прямо к директору театров, князю Гагарину.",0,1,"1

Пример 4:
Предложение: ""Он вчера будет читать книгу.""
Ответ: 0

Пример 5:
Предложение: ""Он вчера будет читать"
Малыш уже уверенно читает слова через мягкий знак.,0,1,"1

Пример 4:
Предложение: ""Мама мыла раму.""
Ответ: 1

Пример 5:
Предложение: ""Он вчера будет читать книгу.""
От"
"Только бы он громко не закричал, когда найдет решение.",1,1,"1

Пример 4:
Предложение: ""Он не может найти решение.""
Ответ: 0

Пример 5:
Предложение: ""Он не может найти решение, но он не хочет ждать."""
Гармоничные пропорции здания основаны на классических образцах.,1,1,"1

Пример 4:
Предложение: ""Он вчера будет читать книгу.""
Ответ: 0

Пример 5:
Предложение: ""Мама мыла раму.""
От"
Дело приняло дурной оборот.,1,1,"1

Пример 4:
Предложение: ""Он вчера будет читать книгу.""
Ответ: 0

Пример 5:
Предложение: ""Он вчера будет читать"
Вани не было в школе.,1,1,"1

Пример 4:
Предложение: ""Мама мыла раму.""
Ответ: 1

Пример 5:
Предложение: ""Он вчера будет читать книгу.""
От"
Кожа у виска была желтой.,1,1,"1

Пример 4:
Предложение: ""Он вчера будет читать книгу.""
Ответ: 0

Пример 5:
Предложение: ""Он вчера будет читать"
Но Коле не помог его иноверец.,0,1,"1

Пример 4:
Предложение: ""Он вчера будет читать книгу.""
Ответ: 0

Пример 5:
Предложение: ""Он вчера будет читать"
"Удивительно милый, честный, добрый человек, всегда готовый откликнуться на чужое горе, на слово которого можно положиться.",1,1,"1

Пример 4:
Предложение: ""Он вчера будет читать книгу.""
Ответ: 0

Пример 5:
Предложение: ""Он вчера будет читать"
Вчера мне нужно ехать на завод.,0,1,"1

Пример 4:
Предложение: ""Мама мыла раму.""
Ответ: 1

Пример 5:
Предложение: ""Он вчера будет читать книгу.""
От"
У нас нет каких бы то ни было.,1,0,"0

Пример 4:
Предложение: ""Он не будет читать книгу.""
Ответ: 0

Пример 5:
Предложение: ""Он не будет читать книгу.""
От"
Единичный случай в эксперименте не подтверждает гипотезу.,1,1,"1

Пример 4:
Предложение: ""Все мысли о будущем.""
Ответ: 1

Пример 5:
Предложение: ""Он не будет читать книгу.""
Ответ"
Маши тут не видно.,1,0,"0

Пример 4:
Предложение: ""Мама мыла раму.""
Ответ: 1

Пример 5:
Предложение: ""Он вчера будет читать книгу.""
От"
"Но только после того, как в третий раз сменил научрука, Королев поддался общему поветрию и решил уехать за границу.",1,1,"1

Пример 4:
Предложение: ""Он вчера будет читать книгу.""
Ответ: 0

Пример 5:
Предложение: ""Он вчера будет читать"
"Я стою поблизости от Центризбиркома и наблюдаю за тем, что происходит у входа.",0,1,"1

Пример 4:
Предложение: ""Он вчера будет читать книгу.""
Ответ: 0

Пример 5:
Предложение: ""Я стою поблизости от Цент"
"В качестве примеров были приведены случаи, о которых, кажется, что где-то я уже читал.",0,1,"1

Пример 4:
Предложение: ""Все это было сделано в течение нескольких часов.""
Ответ: 1

Пример 5:
Предложение: ""Он был в восторге от"
Разве он захватил какие-нибудь документы?,1,1,"1

Пример 4:
Предложение: ""Он вчера будет читать книгу.""
Ответ: 0

Пример 5:
Предложение: ""Он вчера будет читать"
В эту минуту роман был прочитан.,0,1,"1

Пример 4:
Предложение: ""Он сегодня будет читать книгу.""
Ответ: 0

Пример 5:
Предложение: ""Он сегодня будет читать книгу.""
От"
Скачи в район к телефону — кричи в ГПУ на Каспийское море.,1,1,"1

Пример 4:
Предложение: ""Вчера я был в школе.""
Ответ: 0

Пример 5:
Предложение: ""Я сегодня буду читать книгу.""
Ответ:"
"Я бы объявил, что собрание открыто.",0,1,"1

Пример 4:
Предложение: ""Он вчера будет читать книгу.""
Ответ: 0

Пример 5:
Предложение: ""Я бы объявил, что собр"
Они читали мои жалобы на себя.,1,1,"1

Пример 4:
Предложение: ""Он не будет читать книгу.""
Ответ: 0

Пример 5:
Предложение: ""Он читает книгу.""
Ответ:"
Книги и журналы были на столе.,1,1,"1

Пример 4:
Предложение: ""Мама мыла раму.""
Ответ: 1

Пример 5:
Предложение: ""Он вчера будет читать книгу.""
От"
Мне предлагали написать на нее рецензию.,1,1,"1

Пример 4:
Предложение: ""Он вчера будет читать книгу.""
Ответ: 0

Пример 5:
Предложение: ""Он вчера будет читать"
Одна женщина подарила яблоко мальчику.,1,1,"1

Пример 4:
Предложение: ""Мама мыла раму.""
Ответ: 1

Пример 5:
Предложение: ""Он вчера будет читать книгу.""
От"
Мне бы хотелось иметь это кольцо.,1,1,"1

Пример 4:
Предложение: ""Он сегодня будет играть в футбол.""
Ответ: 0

Пример 5:
Предложение: ""Мама сегодня будет готовить обед.""
Ответ:"
"Все, кто учились в математическом классе, сдали тест на отлично.",0,1,"1

Пример 4:
Предложение: ""Мы сидели на скамейке.""
Ответ: 1

Пример 5:
Предложение: ""Он сегодня будет играть в футбол.""
Ответ"
Его отсутствие на собрании подтвердило плохое мнение.,1,1,"1

Пример 4:
Предложение: ""Он не может найти ключ.""
Ответ: 0

Пример 5:
Предложение: ""Он не может найти ключ.""
Ответ: 0

Пр"
Он бежит в саду.,1,1,"1

Пример 4:
Предложение: ""Мама мыла раму.""
Ответ: 1

Пример 5:
Предложение: ""Он вчера будет читать книгу.""
От"
У его веры был рациональный характер.,0,1,"1

Пример 4:
Предложение: ""Он был в восторге от этого.""
Ответ: 1

Пример 5:
Предложение: ""Он был в восторге от этого"
"Я все видел, сам оставаясь незамеченным.",1,1,"1

Пример 4:
Предложение: ""Он вчера будет читать книгу.""
Ответ: 0

Пример 5:
Предложение: ""Я все видел, сам оставая"
Она взяла мне эту книгу в библиотеке.,1,1,"1

Пример 4:
Предложение: ""Мама мыла раму.""
Ответ: 1

Пример 5:
Предложение: ""Он вчера будет читать книгу.""
От"
"На конференцию, которая проходила в Москве, прибыли триста один участник из всех регионов России.",0,1,"1

Пример 4:
Предложение: ""Вчера я пошел на уроки.""
Ответ: 0

Пример 5:
Предложение: ""Вчера я пошел на уроки"
Очень вкусный игристый напиток можно приготовить из айвы.,1,1,"1

Пример 4:
Предложение: ""Мы с мамой едем в кино.""
Ответ: 1

Пример 5:
Предложение: ""Он сегодня будет играть в футбол.""
Ответ"
Поблизости от нас нет ни одного кинотеатра.,1,1,"1

Пример 4:
Предложение: ""Мы сидели на скамейке.""
Ответ: 1

Пример 5:
Предложение: ""Он сегодня будет играть в футбол.""
Ответ"
Сторож наполняет бассейн водой.,1,1,"1

Пример 4:
Предложение: ""Мама мыла раму.""
Ответ: 1

Пример 5:
Предложение: ""Он вчера будет читать книгу.""
От"
В нашем лесу есть озеро.,1,1,"1

Пример 4:
Предложение: ""Мы смотрели фильм.""
Ответ: 1

Пример 5:
Предложение: ""Он сегодня будет играть в футбол.""
Ответ: 0"
Было начато строить новый район.,0,1,"1

Пример 4:
Предложение: ""Он сегодня будет играть в футбол.""
Ответ: 0

Пример 5:
Предложение: ""Мама сегодня будет готовить обед.""
Ответ:"
Весь прошлый год сквер был прямоугольным.,0,1,"1

Пример 4:
Предложение: ""Он вчера будет читать книгу.""
Ответ: 0

Пример 5:
Предложение: ""Весь прошлый год сквер"
"Мне бы хотелось открыться кому-нибудь, но разве здесь есть такие люди, которые бы могли меня понять.",1,1,"1

Пример 4:
Предложение: ""Я хочу, чтобы ты был счастлив.""
Ответ: 1

Пример 5:
Предложение: ""Он был очень устал, поэтому он спал"
Мы приняли его в партию.,1,1,"1

Пример 4:
Предложение: ""Он сегодня будет играть в футбол.""
Ответ: 0

Пример 5:
Предложение: ""Мы сегодня играем в футбол.""
Ответ:"
"Кроме того, учреждены специальные призы правительства, мэрии, приз союза цирковых деятелей и зрительских симпатий.",1,1,"1

Пример 4:
Предложение: ""Все это было сделано в течение нескольких часов.""
Ответ: 1

Пример 5:
Предложение: ""Все это было сделано в течение"
"Когда я вошел, она поливала цветы.",1,1,"1

Пример 4:
Предложение: ""Он сегодня будет играть в футбол.""
Ответ: 0

Пример 5:
Предложение: ""Мама сегодня будет готовить обед.""
Ответ:"
"Идя вдоль берега, морской воздух приятно освежал наши лица.",0,1,"1

Пример 4:
Предложение: ""Вечером я поеду в кино.""
Ответ: 1

Пример 5:
Предложение: ""Он сегодня будет играть в футбол.""
Ответ"
"Передо мной появился не холостяк, а молоденькая девушка.",1,1,"1

Пример 4:
Предложение: ""Он вчера будет читать книгу.""
Ответ: 0

Пример 5:
Предложение: ""Он вчера будет читать"
Иван не заставил меня написать диссертацию.,1,1,"1

Пример 4:
Предложение: ""Мы с мамой едем в кино.""
Ответ: 1

Пример 5:
Предложение: ""Он сегодня будет играть в футбол.""
Ответ"
Около больного стояла ваза с цветами.,1,1,"1

Пример 4:
Предложение: ""Все мысли о том, что я не смогу выполнить задание, исчезли.""
Ответ: 1

Пример 5:
Предложение:"
"Приведя собаку, мальчик привяжет ее.",1,1,"1

Пример 4:
Предложение: ""Он вчера будет читать книгу.""
Ответ: 0

Пример 5:
Предложение: ""Он вчера будет читать"
Бесконечные вопросы родственников его раздражали.,1,1,"1

Пример 4:
Предложение: ""Мы с мамой едем в кино.""
Ответ: 1

Пример 5:
Предложение: ""Он сегодня будет играть в футбол.""
Ответ"
"Известно, что по неиспытанным для нас судьбам Божиим, разныя в мире находятся веры, и всякой народ к вере естественную имеет привязанность.",1,1,"1

Пример 4:
Предложение: ""Все мы знаем, что в мире есть разные веры, и каждый народ имеет свою веру.""
Ответ: 1

Пример 5:
Пред"
"Неведомая сила, казалось, привлекала его к нему.",1,1,"1

Пример 4:
Предложение: ""Он вчера будет читать книгу.""
Ответ: 0

Пример 5:
Предложение: ""Он вчера будет читать"
"Говорят, что он ее чем-нибудь обидел.",0,1,"1

Пример 4:
Предложение: ""Он вчера будет читать книгу.""
Ответ: 0

Пример 5:
Предложение: ""Он вчера будет читать"
Я считаю его талантливым ученым.,1,1,"1

Пример 4:
Предложение: ""Он сегодня будет играть в футбол.""
Ответ: 0

Пример 5:
Предложение: ""Мама сегодня будет готовить обед.""
Ответ:"
Ты тогда вешал карту?,1,1,"1

Пример 4:
Предложение: ""Он вчера будет читать книгу.""
Ответ: 0

Пример 5:
Предложение: ""Он вчера будет читать"
Всю следующую неделю я сижу дома.,1,1,"1

Пример 4:
Предложение: ""Он сегодня будет играть в футбол.""
Ответ: 0

Пример 5:
Предложение: ""Мама сегодня будет готовить обед.""
Ответ:"
Я перестал понимать что бы то ни было.,1,0,"0

Предложение: ""Мама мыла раму.""
Ответ: 1

Предложение: ""Он вчера будет читать книгу.""
Ответ: 0

Предложение: """
Весь день я провела возле плиты.,1,1,"1

Пример 4:
Предложение: ""Он сегодня будет играть в футбол.""
Ответ: 0

Пример 5:
Предложение: ""Мама сегодня будет готовить обед.""
Ответ:"
"Кто бы ни приезжали в наш городок, все поражались чистоте и опрятности, в какой содержатся дворы, улицы, пристань.",0,1,"1

Пример 4:
Предложение: ""Когда бы ни приезжали в наш городок, все поражались чистоте и опрятности, в какой содержатся дворы, улиц"
"Впереди, возле багажного вагона, кто-то машет фонарем.",1,1,"1

Пример 4:
Предложение: ""Вчера, в 10:00, я увидел птиц.""
Ответ: 0

Пример 5:
Предложение: ""В"
Кто-то видел каждого из них.,1,1,"1

Пример 4:
Предложение: ""Мы смотрели фильм.""
Ответ: 1

Пример 5:
Предложение: ""Он сегодня будет играть в футбол.""
Ответ: 0"
В это время мы сидели за столом и обедали.,1,1,"1

Пример 4:
Предложение: ""Он сегодня будет играть в футбол.""
Ответ: 0

Пример 5:
Предложение: ""Мы сегодня поедем в кино.""
Ответ:"
У него было много всяких дел.,1,1,"1

Пример 4:
Предложение: ""Он сегодня будет играть в футбол.""
Ответ: 1

Пример 5:
Предложение: ""Мама сегодня будет готовить обед.""
Ответ:"
"Зина считает, что очень нужно ему в очереди стоять.",0,1,"1

Пример 4:
Предложение: ""Он вчера будет читать книгу.""
Ответ: 0

Пример 5:
Предложение: ""Он вчера будет читать"
"Но ей не надо соглашаться, а пусть она мне даст полную доверенность на управление своими делами, и я выиграю ей тяжбу непременно.",1,1,"1

Пример 4:
Предложение: ""Он вчера будет читать книгу.""
Ответ: 0

Пример 5:
Предложение: ""Он вчера будет читать"
Более простых решений мне неизвестно.,1,1,"1

Пример 4:
Предложение: ""Мы смотрели фильм.""
Ответ: 1

Пример 5:
Предложение: ""Он сегодня будет играть в футбол.""
Ответ: 0"
Никто его не видел.,1,1,"1

Пример 4:
Предложение: ""Мама мыла раму.""
Ответ: 1

Пример 5:
Предложение: ""Он вчера будет читать книгу.""
От"
"Граф же Строганов внимательно слушал каждую лекцию с начала до конца, никогда не оскорбляя профессора преждевременным выходом из аудитории.",1,1,"1

Пример 4:
Предложение: ""Он вчера будет читать книгу.""
Ответ: 0

Пример 5:
Предложение: ""Граф же Строганов вним"
"В этой голове гудел тяжелый колокол, между глазными яблоками и закрытыми веками проплывали коричневые пятна с огненно-зеленым ободком.",1,1,"1

Пример 4:
Предложение: ""Все мысли были о том, как бы убить этого человека.""
Ответ: 1

Пример 5:
Предложение: ""Он вчера"
Обращаю ваше внимание на следующую неточность.,1,1,"1

Пример 4:
Предложение: ""Мы смотрели фильм.""
Ответ: 1

Пример 5:
Предложение: ""Он сегодня будет играть в футбол.""
Ответ: 0"
Она часто видится с кем-то из них.,1,1,"1

Пример 4:
Предложение: ""Мы с ним поедем в кино.""
Ответ: 1

Пример 5:
Предложение: ""Он сегодня будет играть в футбол.""
Ответ"
"Такую нагрузку, будь ты хоть двужильным, потянуть невозможно.",1,1,"1

Пример 4:
Предложение: ""Он вчера будет читать книгу.""
Ответ: 0

Пример 5:
Предложение: ""Он вчера будет читать"
Он промахнулся кулаком мне в лицо.,0,1,"1

Пример 4:
Предложение: ""Он вчера будет читать книгу.""
Ответ: 0

Пример 5:
Предложение: ""Он промахнулся кул"
Девушек на сцене не пело.,0,0,"0

Пример 4:
Предложение: ""Мама мыла раму.""
Ответ: 1

Пример 5:
Предложение: ""Он вчера будет читать книгу.""
От"
"Людей ругают или хвалят за их дела, а не за национальность.",1,1,"1

Пример 4:
Предложение: ""Он вчера будет читать книгу.""
Ответ: 0

Пример 5:
Предложение: ""Он вчера будет читать"
Ее изнеженные пальцы не знали игл.,1,1,"1

Пример 4:
Предложение: ""Он вчера будет читать книгу.""
Ответ: 0

Пример 5:
Предложение: ""Он вчера будет читать"
"Она любила Анну, но ей приятно было видеть, что и у нее есть слабости.",1,1,"1

Пример 4:
Предложение: ""Он не любил, когда его трогали.""
Ответ: 0

Пример 5:
Предложение: ""Он не любил, когда его тр"
У следователя недостаточно улик.,1,1,"1

Пример 4:
Предложение: ""Он не может поехать в отпуск.""
Ответ: 0

Пример 5:
Предложение: ""Мама мыла раму.""
Ответ:"
У него воспаление легких.,1,1,"1

Пример 4:
Предложение: ""Он сегодня будет играть в футбол.""
Ответ: 0

Пример 5:
Предложение: ""Мама сегодня будет готовить обед.""
Ответ:"
Я не вижу смысла.,1,1,"1

Пример 4:
Предложение: ""Он не хочет ехать в отпуск.""
Ответ: 0

Пример 5:
Предложение: ""Мама не хочет ехать в от"
Горы поражают своим величием.,1,1,"1

Пример 4:
Предложение: ""Мы смотрели фильм.""
Ответ: 1

Пример 5:
Предложение: ""Он сегодня будет играть в футбол.""
Ответ: 0"
Герой произведения чувствует себя совершенно одиноким в огромном враждебном мире.,1,1,"1

Пример 4:
Предложение: ""Он вчера будет читать книгу.""
Ответ: 0

Пример 5:
Предложение: ""Он вчера будет читать"
"Газету не принесли, и отец сам пошел на почту.",1,1,"1

Пример 4:
Предложение: ""Мама мыла раму.""
Ответ: 1

Пример 5:
Предложение: ""Он вчера будет читать книгу.""
От"
Я даже аспирин принимала.,1,1,"1

Пример 4:
Предложение: ""Он сегодня будет играть в футбол.""
Ответ: 0

Пример 5:
Предложение: ""Мама сегодня будет готовить обед.""
Ответ:"
"Только если операцию сделают немедленно, то останется еще какая-то надежда его спасти.",0,1,"1

Пример 4:
Предложение: ""Он вчера будет читать книгу.""
Ответ: 0

Пример 5:
Предложение: ""Он вчера будет читать"
Я смотрела этот глупый фильм.,1,1,"1

Пример 4:
Предложение: ""Он сегодня будет играть в футбол.""
Ответ: 0

Пример 5:
Предложение: ""Мама сегодня будет готовить обед.""
Ответ:"
Днище лодки скрежетало о камни.,1,1,"1

Пример 4:
Предложение: ""Он вчера будет читать книгу.""
Ответ: 0

Пример 5:
Предложение: ""Он вчера будет читать"
Я схватился за перила.,1,1,"1

Пример 4:
Предложение: ""Он сегодня будет играть в футбол.""
Ответ: 0

Пример 5:
Предложение: ""Мама сегодня будет готовить обед.""
Ответ:"
На прошлой неделе картина продана.,0,1,"1

Пример 4:
Предложение: ""Вчера я пошел в кино.""
Ответ: 0

Пример 5:
Предложение: ""Мама мыла раму.""
Ответ:"
Трон достался убийце своего брата.,0,1,"1

Пример 4:
Предложение: ""Он вчера будет читать книгу.""
Ответ: 0

Пример 5:
Предложение: ""Он вчера будет читать"
Этот будь был очень тяжелым.,0,0,"0

Пример 4:
Предложение: ""Он вчера будет читать книгу.""
Ответ: 0

Пример 5:
Предложение: ""Этот будь был очень тя"
Поблизости от нашего лагеря поселился медведь и стал время от времени наведываться к нам.,1,1,"1

Пример 4:
Предложение: ""Мы сидели на скамейке и смотрели на море.""
Ответ: 1

Пример 5:
Предложение: ""Он"
"Будь вы повнимательней, ошибка была бы исправлена.",1,1,"1

Пример 4:
Предложение: ""Он сегодня будет читать книгу.""
Ответ: 1

Пример 5:
Предложение: ""Он сегодня будет читать книгу.""
От"
Меня рассердила его невнимательность.,1,1,"1

Пример 4:
Предложение: ""Он вчера будет читать книгу.""
Ответ: 0

Пример 5:
Предложение: ""Он вчера будет читать"
"И пошлите кого-нибудь к Фу Чану, чтоб захватили несколько пар туфель.",1,1,"1

Пример 4:
Предложение: ""Он вчера будет читать книгу.""
Ответ: 0

Пример 5:
Предложение: ""Он вчера будет читать"
Иван не перестал бить свою жену.,1,1,"1

Пример 4:
Предложение: ""Мы не можем сделать это.""
Ответ: 0

Пример 5:
Предложение: ""Он не может сделать это.""
Ответ: 1"
"Он считает, что вдалеке виднелись мы с Володей.",1,1,"1

Пример 4:
Предложение: ""Он считает, что вдалеке виднелись мы с Володей.""
Ответ: 1

Пример 5:
Предложение: ""О"
"Она красива, но я так не считаю.",0,1,"1

Пример 4:
Предложение: ""Я не знаю, как это сделать.""
Ответ: 1

Пример 5:
Предложение: ""Он не хочет, чтобы я его обидела.""
От"
В это время мы сидели у стола и обедали.,0,1,"1

Пример 4:
Предложение: ""Он сегодня будет играть в футбол.""
Ответ: 0

Пример 5:
Предложение: ""Мы сегодня поедем в кино.""
Ответ:"
Оштрафованы злостные нарушители правил дорожного движения.,1,1,"1

Пример 4:
Предложение: ""Мы с мамой едем в кино.""
Ответ: 1

Пример 5:
Предложение: ""Он сегодня будет играть в футбол.""
Ответ"
Присутствие кошек в древней китайской деревне доказывает о давнем взаимовыгодном сожительстве этих животных с людьми.,0,1,"1

Пример 4:
Предложение: ""Мы смотрели фильм.""
Ответ: 1

Пример 5:
Предложение: ""Он сегодня будет играть в футбол.""
Ответ: 0"
Книга «Губернские очерки» М.Е. Салтыкова-Щедрина направлены против помещичьего гнёта и чиновничьего произвола.,0,1,"1

Пример 4:
Предложение: ""Вчера я читал книгу.""
Ответ: 0

Пример 5:
Предложение: ""Мама мыла раму.""
Ответ:"
"Те, кто побывают в армянских горах, заметят, что впалитре пейзажей преобладают вулканические оттенки.",0,1,"1

Пример 4:
Предложение: ""Все, кто приедет в гости, будут рады.""
Ответ: 0

Пример 5:
Предложение: ""Все, кто приед"
У вас есть боли?,1,1,"1

Пример 4:
Предложение: ""Я не знаю, как это сделать.""
Ответ: 1

Пример 5:
Предложение: ""Он не хочет, чтобы я его обидела.""
От"
"Пратс принял это решение также потому, что знал о заговоре и о том, что не может его предотвратить.",1,1,"1

Пример 4:
Предложение: ""Он не может не знать, что это не так.""
Ответ: 0

Пример 5:
Предложение: ""Он не может не знать, что это"
Каждому из них было дано какое-нибудь задание.,1,1,"1

Пример 4:
Предложение: ""Он вчера будет читать книгу.""
Ответ: 0

Пример 5:
Предложение: ""Он вчера будет читать"
Трудно не делать что-нибудь.,1,1,"1

Пример 4:
Предложение: ""Он не будет читать книгу.""
Ответ: 0

Пример 5:
Предложение: ""Он не будет читать книгу.""
От"
"На мгновенье возникло передо мной окровавленное лицо учительницы, но кровь не напугала, не отрезвила меня.",1,1,"1

Пример 4:
Предложение: ""Все, что я знаю, это то, что я знаю.""
Ответ: 0

Пример 5:
Предложение: ""Он вчера будет ч"
Стаканы есть поставлены в шкаф.,0,1,"1

Пример 4:
Предложение: ""Мама мыла раму.""
Ответ: 1

Пример 5:
Предложение: ""Он вчера будет читать книгу.""
От"
"Посмотри, как далеко мы зашли.",1,1,"1

Пример 4:
Предложение: ""Он сегодня будет играть в футбол.""
Ответ: 0

Пример 5:
Предложение: ""Мама сегодня будет готовить обед.""
Ответ:"
Иван не повез жену в больницу.,1,1,"1

Пример 4:
Предложение: ""Мама мыла раму.""
Ответ: 1

Пример 5:
Предложение: ""Он вчера будет читать книгу.""
От"
"Я чувствую, что мне, кажется, придется уезжать.",1,1,"1

Пример 4:
Предложение: ""Он сказал, что он будет пить кофе.""
Ответ: 0

Пример 5:
Предложение: ""Мама мыла раму.""
От"
Ее рука доверчиво на его плече.,0,1,"1

Пример 4:
Предложение: ""Он вчера будет читать книгу.""
Ответ: 0

Пример 5:
Предложение: ""Он вчера будет читать"
Он живет в небольшом городке на Волге.,1,1,"1

Пример 4:
Предложение: ""Мама мыла раму.""
Ответ: 1

Пример 5:
Предложение: ""Он вчера будет читать книгу.""
От"
"Настя надела бальное платье и, напевая мелодию вальса, легко закружилась перед зеркалами, представляя себя героиней любимого балета, виденного ею в театре.",1,1,"1

Пример 4:
Предложение: ""Вчера я пошел на уроки.""
Ответ: 0

Пример 5:
Предложение: ""Он сегодня будет играть в футбол.""
Ответ"
"Студентам, обоим хорошо знающим эскимосский язык, не разобрать здесь ни слова.",1,1,"1

Пример 4:
Предложение: ""Вчера я посмотрел фильм.""
Ответ: 0

Пример 5:
Предложение: ""Он вчера будет читать книгу."""
Я однажды решал эту задачу.,1,1,"1

Пример 4:
Предложение: ""Он сегодня будет читать книгу.""
Ответ: 0

Пример 5:
Предложение: ""Мама мыла раму.""
Ответ:"
"Я бежала, как бежит собака. .",0,1,"1

Пример 4:
Предложение: ""Он вчера будет читать книгу.""
Ответ: 0

Пример 5:
Предложение: ""Я бежала, как бежит"
"Оказалось, что она явно уехала.",0,1,"1

Пример 4:
Предложение: ""Он вчера будет читать книгу.""
Ответ: 0

Пример 5:
Предложение: ""Он вчера будет читать"
Шампанское не было в холодильнике.,1,1,"1

Пример 4:
Предложение: ""Мама мыла раму.""
Ответ: 1

Пример 5:
Предложение: ""Он вчера будет читать книгу.""
От"
Он обиделся на мою шутку.,1,1,"1

Пример 4:
Предложение: ""Мама мыла раму.""
Ответ: 1

Пример 5:
Предложение: ""Он вчера будет читать книгу.""
От"
В этом дне была какая-то особенная прелесть.,1,1,"1

Пример 4:
Предложение: ""Он вчера будет читать книгу.""
Ответ: 0

Пример 5:
Предложение: ""В этом дне была какая-то"
У меня сегодня есть занятия по английскому языку.,1,1,"1

Пример 4:
Предложение: ""Он сегодня будет играть в футбол.""
Ответ: 0

Пример 5:
Предложение: ""Мама сегодня будет готовить обед.""
Ответ:"
Случай или закон определил их судьбу?,1,1,"1

Пример 4:
Предложение: ""Он не может не поехать.""
Ответ: 0

Пример 5:
Предложение: ""Он не может не поехать.""
Ответ: 0"
"Он может сделать все, что угодно.",1,1,"1

Пример 4:
Предложение: ""Мама мыла раму.""
Ответ: 1

Пример 5:
Предложение: ""Он вчера будет читать книгу.""
От"
"Помирай скорее, терпенья нету думать о тебе.",1,1,"1

Пример 4:
Предложение: ""Он вчера будет читать книгу.""
Ответ: 0

Пример 5:
Предложение: ""Он вчера будет читать"
Надо же было мне опоздать!,1,1,"1

Пример 4:
Предложение: ""Я сегодня буду пить кофе.""
Ответ: 1

Пример 5:
Предложение: ""Он сегодня будет читать книгу.""
Ответ:"
После конца смены я сижу на лавочке возле проходной.,1,1,"1

Пример 4:
Предложение: ""Он вчера будет читать книгу.""
Ответ: 0

Пример 5:
Предложение: ""Он вчера будет читать"
Картины старых мастеров лучше смотрятся на расстоянии.,1,1,"1

Пример 4:
Предложение: ""Мы смотрели фильм.""
Ответ: 1

Пример 5:
Предложение: ""Он сегодня будет играть в футбол.""
Ответ: 0"
"Уже год стол сломан, и никто не побеспокоится о том, чтобы его починить.",1,1,"1

Пример 4:
Предложение: ""Он вчера будет читать книгу.""
Ответ: 0

Пример 5:
Предложение: ""Он вчера будет читать"
Завтра я приеду и подпишу акт.,1,1,"1

Пример 4:
Предложение: ""Он сегодня будет читать книгу.""
Ответ: 0

Пример 5:
Предложение: ""Мама мыла раму.""
Ответ:"
Пелагея садится вблизи на припеке.,0,1,"1

Пример 4:
Предложение: ""Мама мыла раму.""
Ответ: 1

Пример 5:
Предложение: ""Он вчера будет читать книгу.""
От"
"В конце концов это было просто юношеское предчувствие, сладкие туманы, но Ганину теперь казалось, что никогда такого рода предчувствие не оправдывалось так совершенно.",1,1,"1

Пример 4:
Предложение: ""Он вчера будет читать книгу.""
Ответ: 0

Пример 5:
Предложение: ""В конце концов это было просто ю"
"Найми квартиру рядом; мы будем жить в большом доме близ источника, в мезонине.",1,1,"1

Пример 4:
Предложение: ""Мы с мамой едем в кино.""
Ответ: 1

Пример 5:
Предложение: ""Мама мыла раму.""
Ответ"
Куртки не было на вешалке два дня.,1,1,"1

Пример 4:
Предложение: ""Он вчера будет читать книгу.""
Ответ: 0

Пример 5:
Предложение: ""Он вчера будет читать"
У нас так не разговаривают друг с другом.,1,1,"1

Пример 4:
Предложение: ""Он сегодня будет играть в футбол.""
Ответ: 0

Пример 5:
Предложение: ""Мама сегодня будет готовить обед.""
Ответ:"
Она была в стороне от каких бы то ни было интриг.,1,1,"1

Пример 4:
Предложение: ""Он был в стороне от каких бы то ни было интриг.""
Ответ: 1

Пример 5:
Предложение: ""Он был в"
Поселок расположен далеко от реки.,1,1,"1

Пример 4:
Предложение: ""Мы смотрели фильм.""
Ответ: 1

Пример 5:
Предложение: ""Он сегодня будет играть в футбол.""
Ответ: 0"
"Между тем он по-прежнему отрицает свою вину, говорит, что «чист перед жителями области, Балакова и перед Россией».",1,1,"1

Пример 4:
Предложение: ""Он вчера будет читать книгу.""
Ответ: 0

Пример 5:
Предложение: ""Он вчера будет читать"
"На спектакль ли Иван пришел, несмотря на головную боль?",1,1,"1

Пример 4:
Предложение: ""Вчера я пошел в кино.""
Ответ: 1

Пример 5:
Предложение: ""Мама мыла раму.""
Ответ:"
Не переходи улицу в этом месте.,1,1,"1

Пример 4:
Предложение: ""Я сегодня буду пить кофе.""
Ответ: 0

Пример 5:
Предложение: ""Он сегодня будет читать книгу.""
Ответ:"
Первые два дня он веселился.,1,1,"1

Пример 4:
Предложение: ""Он вчера будет читать книгу.""
Ответ: 0

Пример 5:
Предложение: ""Он вчера будет читать"
Машу побил ее муж.,1,0,"0

Предложение: ""Мама мыла раму.""
Ответ: 1

Предложение: ""Он вчера будет читать книгу.""
Ответ: 0

Предложение: """
Она села отдохнуть у теннисного корта.,1,1,"1

Пример 4:
Предложение: ""Мы сидели на скамейке.""
Ответ: 1

Пример 5:
Предложение: ""Он сегодня будет играть в футбол.""
Ответ"
"Иван войдя, он поздоровался.",0,1,"1

Пример 4:
Предложение: ""Мама мыла раму.""
Ответ: 1

Пример 5:
Предложение: ""Он вчера будет читать книгу.""
От"
Ваня нигде не был.,1,1,"1

Пример 4:
Предложение: ""Мама мыла раму.""
Ответ: 1

Пример 5:
Предложение: ""Он вчера будет читать книгу.""
От"
Тут мы не вправе вступать в какую-либо полемику.,1,1,"1

Пример 4:
Предложение: ""Он вчера будет читать книгу.""
Ответ: 0

Пример 5:
Предложение: ""Он вчера будет читать"
Но Дрынов получил приказ «ни шагу назад» и намерен был его выполнить.,1,1,"1

Пример 4:
Предложение: ""Он вчера будет читать книгу.""
Ответ: 0

Пример 5:
Предложение: ""Он вчера будет читать"
"Я вынуждена буду ему сказать, что, все-таки, вы пришли с цветами.",1,1,"1

Пример 4:
Предложение: ""Он не может не прийти.""
Ответ: 0

Пример 5:
Предложение: ""Он не может не прийти.""
Ответ: 0"
В этой реке есть масса рыбы.,0,1,"1

Пример 4:
Предложение: ""Я сегодня буду пить кофе.""
Ответ: 0

Пример 5:
Предложение: ""Он сегодня будет читать книгу.""
Ответ:"
"Коллега, примите больного в свою палату.",1,1,"1

Пример 4:
Предложение: ""Мы сидели на скамейке.""
Ответ: 1

Пример 5:
Предложение: ""Он сегодня будет играть в футбол.""
Ответ"
"Я показал этот текст студентам, обоим специалистам в эскимосском языке.",0,1,"1

Пример 4:
Предложение: ""Он вчера будет читать книгу.""
Ответ: 0

Пример 5:
Предложение: ""Он вчера будет читать"
Он принял на себя расследование этого запутанного дела.,1,1,"1

Пример 4:
Предложение: ""Он не может найти работу.""
Ответ: 0

Пример 5:
Предложение: ""Он не может найти работу.""
Ответ: 0

Пр"
"Теперь часовому пришлось два или три раза зажигать огонь, чтобы прикурить.",1,1,"1

Пример 4:
Предложение: ""Он вчера будет читать книгу.""
Ответ: 0

Пример 5:
Предложение: ""Он вчера будет читать"
Мы разбили бутылку пустой.,0,1,"1

Пример 4:
Предложение: ""Он сегодня будет играть в футбол.""
Ответ: 0

Пример 5:
Предложение: ""Мама сегодня будет готовить обед.""
Ответ:"
Я принял его в свою лабораторию.,1,1,"1

Пример 4:
Предложение: ""Он вчера будет читать книгу.""
Ответ: 0

Пример 5:
Предложение: ""Я принял его в свою лаборатор"
Ты когда-нибудь находился в Казани?,0,1,"1

Пример 4:
Предложение: ""Он сегодня будет играть в футбол.""
Ответ: 0

Пример 5:
Предложение: ""Мы сегодня будем петь песни.""
Ответ:"
"Эти варианты поведения не одобряются обществом, предпочитавшим принцип равной безопасности.",0,1,"1

Пример 4:
Предложение: ""Он не может не знать, что это не так.""
Ответ: 0

Пример 5:
Предложение: ""Он не может не знать, что это"
Во вторник он еще не подал заявление.,1,1,"1

Пример 4:
Предложение: ""Он сегодня будет пить кофе.""
Ответ: 0

Пример 5:
Предложение: ""Он сегодня будет пить кофе.""
Ответ:"
"Смотрел во всех углах, но ничего не нашел.",1,1,"1

Пример 4:
Предложение: ""Он вчера будет читать книгу.""
Ответ: 0

Пример 5:
Предложение: ""Он вчера будет читать"
По коридору застучали знакомые каблуки.,1,1,"1

Пример 4:
Предложение: ""Он вчера будет читать книгу.""
Ответ: 0

Пример 5:
Предложение: ""Он вчера будет читать"
Она взяла для больного сиделку.,1,1,"1

Пример 4:
Предложение: ""Он вчера будет читать книгу.""
Ответ: 0

Пример 5:
Предложение: ""Он вчера будет читать"
Этот фильм показывали по телевизору?,1,1,"1

Пример 4:
Предложение: ""Мы смотрели фильм.""
Ответ: 1

Пример 5:
Предложение: ""Он сегодня будет читать книгу.""
Ответ:"
Он стоял совсем близко от меня.,1,1,"1

Пример 4:
Предложение: ""Он вчера будет читать книгу.""
Ответ: 0

Пример 5:
Предложение: ""Он стоял совсем близко"
Его приняли на работу в Институт славяноведения.,1,1,"1

Пример 4:
Предложение: ""Он вчера будет читать книгу.""
Ответ: 0

Пример 5:
Предложение: ""Он вчера будет читать"
Врач лечит малярию хинином.,1,1,"1

Пример 4:
Предложение: ""Мама мыла раму.""
Ответ: 1

Пример 5:
Предложение: ""Он вчера будет читать книгу.""
От"
"Будь ему интересно там учиться, он бы не бросил институт.",1,1,"1

Пример 4:
Предложение: ""Он не будет ходить в школу.""
Ответ: 0

Пример 5:
Предложение: ""Он не будет ходить в школу"
"И соблазнить ее пытался, чтоб ей, конечно, угодить.",1,1,"1

Пример 4:
Предложение: ""Он вчера будет читать книгу.""
Ответ: 0

Пример 5:
Предложение: ""Он вчера будет читать"
"Она украдкой не утёрла слезы, а папаша рассердился на неё за то, что она ревёт.",0,1,"1

Пример 4:
Предложение: ""Он не увидел, как я ушёл.""
Ответ: 0

Пример 5:
Предложение: ""Он не увидел,"
Здесь денег не лежало.,1,1,"1

Пример 4:
Предложение: ""Он сегодня будет играть в футбол.""
Ответ: 0

Пример 5:
Предложение: ""Мама мыла раму.""
Ответ: 1"
Ты когда-нибудь роняла весло в реку?,0,1,"1

Пример 4:
Предложение: ""Он сегодня будет играть в футбол.""
Ответ: 0

Пример 5:
Предложение: ""Мама сегодня будет готовить обед.""
Ответ:"
Наташа положила цветы и села рядом.,1,1,"1

Пример 4:
Предложение: ""Мама сидела на кухне и читала книгу.""
Ответ: 1

Пример 5:
Предложение: ""Мама с"
Его точка зрения на этот вопрос была высказана автором в других работах.,0,1,"1

Пример 4:
Предложение: ""Он не может найти работу.""
Ответ: 0

Пример 5:
Предложение: ""Он не может найти работу.""
Ответ: 0

Пр"
"Помогай, кому угодно, какое мне дело.",1,1,"1

Пример 4:
Предложение: ""Я не знаю, как это сделать.""
Ответ: 1

Пример 5:
Предложение: ""Он не может, потому что он не хочет.""
Ответ"
"Надев костюм в примерочной, он подгоняется по фигуре.",0,1,"1

Пример 4:
Предложение: ""Он вчера будет читать книгу.""
Ответ: 0

Пример 5:
Предложение: ""Он вчера будет читать"
Ожидаемого скандала не разразилось.,1,1,"1

Пример 4:
Предложение: ""Он вчера будет читать книгу.""
Ответ: 0

Пример 5:
Предложение: ""Ожидаемого скандала"
"Вася сказал, что живет на Басманной.",1,1,"1

Пример 4:
Предложение: ""Мама мыла раму.""
Ответ: 1

Пример 5:
Предложение: ""Он вчера будет читать книгу.""
От"
Моего паспорта не было в сумке.,1,1,"1

Пример 4:
Предложение: ""Он сегодня будет читать книгу.""
Ответ: 0

Пример 5:
Предложение: ""Мама мыла раму.""
Ответ:"
Быть другом Франции — это не значит быть недругом какой-нибудь другой страны.,1,1,"1

Пример 4:
Предложение: ""Мы смотрели фильм.""
Ответ: 1

Пример 5:
Предложение: ""Он был в Москве.""
Ответ: 1

Пример"
Кириллин день еще не миновал.,1,1,"1

Пример 4:
Предложение: ""Мы с мамой пошли в кино.""
Ответ: 1

Пример 5:
Предложение: ""Он сегодня будет читать книгу.""
От"
Я встретил ее здоровой.,1,1,"1

Пример 4:
Предложение: ""Он вчера будет читать книгу.""
Ответ: 0

Пример 5:
Предложение: ""Он вчера будет читать"
"Батьку Минная играет очень интересный актер Ю. Горобец (кажется, это пока его лучшая работа в кино).",1,1,"1

Пример 4:
Предложение: ""Он вчера будет читать книгу.""
Ответ: 0

Пример 5:
Предложение: ""Он вчера будет читать"
Поодаль прямо перед нами поднималась фонтанная струя.,0,1,"1

Пример 4:
Предложение: ""Он вчера будет читать книгу.""
Ответ: 0

Пример 5:
Предложение: ""Он вчера будет читать"
"Как ты хочешь, чтобы я написал?",0,1,"1

Пример 4:
Предложение: ""Я хочу, чтобы ты написал.""
Ответ: 1

Пример 5:
Предложение: ""Он хочет, чтобы ты написал.""
Ответ"
Нет ли у вас в чём-нибудь недостатка?,1,1,"1

Пример 4:
Предложение: ""Он не может поехать в гости.""
Ответ: 0

Пример 5:
Предложение: ""Мама не хочет, чтобы я уходил"
"Зина уверена, что Иван-то справится.",0,1,"1

Пример 4:
Предложение: ""Мы с мамой едем в кино.""
Ответ: 1

Пример 5:
Предложение: ""Он сегодня будет играть в футбол.""
Ответ"
Мы все этого не хотим.,1,1,"1

Пример 4:
Предложение: ""Он сегодня будет играть в футбол.""
Ответ: 0

Пример 5:
Предложение: ""Мы сегодня будем играть в футбол.""
Ответ:"
"Комната плохо освещена, поэтому работать в ней неудобно.",1,1,"1

Пример 4:
Предложение: ""Он сегодня будет играть в футбол.""
Ответ: 0

Пример 5:
Предложение: ""Мама сегодня будет готовить обед.""
Ответ:"
"Машину занесло на повороте, развернув поперек шоссе.",1,1,"1

Пример 4:
Предложение: ""Он вчера будет читать книгу.""
Ответ: 0

Пример 5:
Предложение: ""Мама мыла раму.""
От"
"Этот Коноплянников был дельным мужиком: не поленился сделать небольшой ремонт – обои свежие, оконные рамы выкрашены.",1,1,"1

Пример 4:
Предложение: ""Вчера он был в больнице.""
Ответ: 0

Пример 5:
Предложение: ""Он был в больнице.""
Ответ:"
Он отказывался от каких бы то ни было предложений.,1,1,"1

Пример 4:
Предложение: ""Он не хотел, чтобы кто-то его видел.""
Ответ: 1

Пример 5:
Предложение: ""Он не хотел, чтобы кто-"
